Domain,Problem,CFA,Planner,Tool,Makespan (s),Number of Actions,Processing Time (s),Memory Usage (GB),Success Rate (%)
blocks_world,P01C01,DynamicProgramming,tfd/downward,CFP,55.701,79,47,0.3359375,0
blocks_world,P01C02,DynamicProgramming,tfd/downward,CFP,-1,-1,3651,0.1748046875,1
blocks_world,P01C03,DynamicProgramming,tfd/downward,CFP,-1,-1,3616,0.1484375,1
blocks_world,P01C04,DynamicProgramming,tfd/downward,CFP,56.662,79,53,0.41015625,0
blocks_world,P01C05,DynamicProgramming,tfd/downward,CFP,62.752,85,44,0.453125,0
blocks_world,P01C06,DynamicProgramming,tfd/downward,CFP,49.602,94,1164,14.876953125,0
blocks_world,P01C07,DynamicProgramming,tfd/downward,CFP,68.702,86,101,0.5146484375,0
blocks_world,P01C08,DynamicProgramming,tfd/downward,CFP,-1,-1,61,0.1953125,1
blocks_world,P01C09,DynamicProgramming,tfd/downward,CFP,-1,-1,159,0.296875,1
blocks_world,P01C10,DynamicProgramming,tfd/downward,CFP,-1,-1,108,0.2255859375,1
blocks_world,P02C01,DynamicProgramming,tfd/downward,CFP,63.872,96,17,0.23046875,0
blocks_world,P02C02,DynamicProgramming,tfd/downward,CFP,-1,-1,4397,15.7197265625,1
blocks_world,P02C03,DynamicProgramming,tfd/downward,CFP,36.462,64,13,0.14453125,0
blocks_world,P02C04,DynamicProgramming,tfd/downward,CFP,67.840,89,447,8.47265625,0
blocks_world,P02C05,DynamicProgramming,tfd/downward,CFP,-1,-1,3604,0.0,1
blocks_world,P02C06,DynamicProgramming,tfd/downward,CFP,49.542,76,533,11.2451171875,0
blocks_world,P02C07,DynamicProgramming,tfd/downward,CFP,54.711,77,613,13.8837890625,0
blocks_world,P02C08,DynamicProgramming,tfd/downward,CFP,-1,-1,242,4.9462890625,1
blocks_world,P02C09,DynamicProgramming,tfd/downward,CFP,-1,-1,446,8.29296875,1
blocks_world,P02C10,DynamicProgramming,tfd/downward,CFP,-1,-1,25,0.185546875,1
blocks_world,P03C01,DynamicProgramming,tfd/downward,CFP,-1,-1,3637,0.3359375,1
blocks_world,P03C02,DynamicProgramming,tfd/downward,CFP,-1,-1,3661,0.3916015625,1
blocks_world,P03C03,DynamicProgramming,tfd/downward,CFP,-1,-1,3606,0.064453125,1
blocks_world,P03C04,DynamicProgramming,tfd/downward,CFP,76.991,112,538,4.056640625,0
blocks_world,P03C05,DynamicProgramming,tfd/downward,CFP,64.842,98,775,10.5478515625,0
blocks_world,P03C06,DynamicProgramming,tfd/downward,CFP,-1,-1,10,0.1728515625,1
blocks_world,P03C07,DynamicProgramming,tfd/downward,CFP,-1,-1,5,0.0810546875,1
blocks_world,P03C08,DynamicProgramming,tfd/downward,CFP,-1,-1,289,3.2109375,1
blocks_world,P03C09,DynamicProgramming,tfd/downward,CFP,-1,-1,8,0.1455078125,1
blocks_world,P03C10,DynamicProgramming,tfd/downward,CFP,-1,-1,118,0.515625,1
blocks_world,P04C01,DynamicProgramming,tfd/downward,CFP,-1,-1,3640,0.158203125,1
blocks_world,P04C02,DynamicProgramming,tfd/downward,CFP,-1,-1,3829,0.37109375,1
blocks_world,P04C03,DynamicProgramming,tfd/downward,CFP,-1,-1,3621,0.1181640625,1
blocks_world,P04C04,DynamicProgramming,tfd/downward,CFP,-1,-1,3606,0.041015625,1
blocks_world,P04C05,DynamicProgramming,tfd/downward,CFP,-1,-1,3608,0.0517578125,1
blocks_world,P04C06,DynamicProgramming,tfd/downward,CFP,-1,-1,100,0.2255859375,1
blocks_world,P04C07,DynamicProgramming,tfd/downward,CFP,-1,-1,3610,0.107421875,1
blocks_world,P04C08,DynamicProgramming,tfd/downward,CFP,-1,-1,3609,0.0595703125,1
blocks_world,P04C09,DynamicProgramming,tfd/downward,CFP,-1,-1,1526,14.193359375,1
blocks_world,P04C10,DynamicProgramming,tfd/downward,CFP,-1,-1,237,0.6611328125,1
blocks_world,P05C01,DynamicProgramming,tfd/downward,CFP,-1,-1,3602,0.0,1
blocks_world,P05C02,DynamicProgramming,tfd/downward,CFP,-1,-1,110,2.5810546875,1
blocks_world,P05C03,DynamicProgramming,tfd/downward,CFP,-1,-1,126,1.880859375,1
blocks_world,P05C04,DynamicProgramming,tfd/downward,CFP,61.771,83,323,6.8837890625,0
blocks_world,P05C05,DynamicProgramming,tfd/downward,CFP,35.451,55,3115,66.9150390625,0
blocks_world,P05C06,DynamicProgramming,tfd/downward,CFP,-1,-1,142,3.21875,1
blocks_world,P05C07,DynamicProgramming,tfd/downward,CFP,-1,-1,3603,0.0,1
blocks_world,P05C08,DynamicProgramming,tfd/downward,CFP,47.651,86,236,5.66796875,0
blocks_world,P05C09,DynamicProgramming,tfd/downward,CFP,59.820,87,345,6.99609375,0
blocks_world,P05C10,DynamicProgramming,tfd/downward,CFP,-1,-1,3602,0.0,1
blocks_world,P06C01,DynamicProgramming,tfd/downward,CFP,-1,-1,4,0.0537109375,1
blocks_world,P06C02,DynamicProgramming,tfd/downward,CFP,-1,-1,4,0.0400390625,1
blocks_world,P06C03,DynamicProgramming,tfd/downward,CFP,39.551,71,1859,21.3798828125,0
blocks_world,P06C04,DynamicProgramming,tfd/downward,CFP,-1,-1,5,0.0615234375,1
blocks_world,P06C05,DynamicProgramming,tfd/downward,CFP,44.770,89,770,13.224609375,0
blocks_world,P06C06,DynamicProgramming,tfd/downward,CFP,-1,-1,38,0.603515625,1
blocks_world,P06C07,DynamicProgramming,tfd/downward,CFP,68.052,118,1279,12.80859375,0
blocks_world,P06C08,DynamicProgramming,tfd/downward,CFP,-1,-1,8,0.0927734375,1
blocks_world,P06C09,DynamicProgramming,tfd/downward,CFP,-1,-1,10,0.1416015625,1
blocks_world,P06C10,DynamicProgramming,tfd/downward,CFP,-1,-1,8,0.0869140625,1
blocks_world,P07C01,DynamicProgramming,tfd/downward,CFP,-1,-1,3615,0.20703125,1
blocks_world,P07C02,DynamicProgramming,tfd/downward,CFP,-1,-1,76,0.369140625,1
blocks_world,P07C03,DynamicProgramming,tfd/downward,CFP,-1,-1,3610,0.125,1
blocks_world,P07C04,DynamicProgramming,tfd/downward,CFP,-1,-1,3616,0.19921875,1
blocks_world,P07C05,DynamicProgramming,tfd/downward,CFP,77.952,110,323,5.6279296875,0
blocks_world,P07C06,DynamicProgramming,tfd/downward,CFP,103.071,128,3317,15.5224609375,0
blocks_world,P07C07,DynamicProgramming,tfd/downward,CFP,-1,-1,75,0.453125,1
blocks_world,P07C08,DynamicProgramming,tfd/downward,CFP,-1,-1,42,0.3466796875,1
blocks_world,P07C09,DynamicProgramming,tfd/downward,CFP,70.732,105,65,0.8671875,0
blocks_world,P07C10,DynamicProgramming,tfd/downward,CFP,-1,-1,99,1.083984375,1
blocks_world,P08C01,DynamicProgramming,tfd/downward,CFP,-1,-1,168,0.6572265625,1
blocks_world,P08C02,DynamicProgramming,tfd/downward,CFP,-1,-1,1013,1.7568359375,1
blocks_world,P08C03,DynamicProgramming,tfd/downward,CFP,-1,-1,51,0.24609375,1
blocks_world,P08C04,DynamicProgramming,tfd/downward,CFP,-1,-1,3603,0.0,1
blocks_world,P08C05,DynamicProgramming,tfd/downward,CFP,-1,-1,3603,0.0,1
blocks_world,P08C06,DynamicProgramming,tfd/downward,CFP,-1,-1,51,0.359375,1
blocks_world,P08C07,DynamicProgramming,tfd/downward,CFP,-1,-1,128,1.46484375,1
blocks_world,P08C08,DynamicProgramming,tfd/downward,CFP,-1,-1,353,4.3837890625,1
blocks_world,P08C09,DynamicProgramming,tfd/downward,CFP,-1,-1,206,2.052734375,1
blocks_world,P08C10,DynamicProgramming,tfd/downward,CFP,-1,-1,3727,0.3984375,1
blocks_world,P09C01,DynamicProgramming,tfd/downward,CFP,-1,-1,1,0.017578125,1
blocks_world,P09C02,DynamicProgramming,tfd/downward,CFP,-1,-1,2,0.0224609375,1
blocks_world,P09C03,DynamicProgramming,tfd/downward,CFP,-1,-1,2,0.025390625,1
blocks_world,P09C04,DynamicProgramming,tfd/downward,CFP,-1,-1,2,0.0234375,1
blocks_world,P09C05,DynamicProgramming,tfd/downward,CFP,-1,-1,6,0.0908203125,1
blocks_world,P09C06,DynamicProgramming,tfd/downward,CFP,-1,-1,8,0.0908203125,1
blocks_world,P09C07,DynamicProgramming,tfd/downward,CFP,-1,-1,9,0.1298828125,1
blocks_world,P09C08,DynamicProgramming,tfd/downward,CFP,-1,-1,2,0.0244140625,1
blocks_world,P09C09,DynamicProgramming,tfd/downward,CFP,-1,-1,33,0.4140625,1
blocks_world,P09C10,DynamicProgramming,tfd/downward,CFP,36.481,77,9,0.1162109375,0
blocks_world,P10C01,DynamicProgramming,tfd/downward,CFP,38.451,57,13,0.216796875,0
blocks_world,P10C02,DynamicProgramming,tfd/downward,CFP,-1,-1,3609,0.072265625,1
blocks_world,P10C03,DynamicProgramming,tfd/downward,CFP,-1,-1,3607,0.0654296875,1
blocks_world,P10C04,DynamicProgramming,tfd/downward,CFP,-1,-1,3605,0.0546875,1
blocks_world,P10C05,DynamicProgramming,tfd/downward,CFP,31.371,45,2,0.0537109375,0
blocks_world,P10C06,DynamicProgramming,tfd/downward,CFP,41.481,66,8,0.1162109375,0
blocks_world,P10C07,DynamicProgramming,tfd/downward,CFP,-1,-1,3,0.0478515625,1
blocks_world,P10C08,DynamicProgramming,tfd/downward,CFP,-1,-1,3604,0.04296875,1
blocks_world,P10C09,DynamicProgramming,tfd/downward,CFP,38.372,55,8,0.1396484375,0
blocks_world,P10C10,DynamicProgramming,tfd/downward,CFP,-1,-1,9,0.1416015625,1
blocks_world,P01C01,DynamicProgramming,tfd/downward,CoalitionAssistance,50.521,61,20,0.169921875,0
blocks_world,P01C02,DynamicProgramming,tfd/downward,CoalitionAssistance,-1,-1,3606,0.0,1
blocks_world,P01C03,DynamicProgramming,tfd/downward,CoalitionAssistance,-1,-1,3604,0.0,1
blocks_world,P01C04,DynamicProgramming,tfd/downward,CoalitionAssistance,62.871,104,3139,26.9482421875,0
blocks_world,P01C05,DynamicProgramming,tfd/downward,CoalitionAssistance,47.530,60,16,0.15625,0
blocks_world,P01C06,DynamicProgramming,tfd/downward,CoalitionAssistance,-1,-1,64,0.193359375,1
blocks_world,P01C07,DynamicProgramming,tfd/downward,CoalitionAssistance,60.811,102,1029,3.2587890625,0
blocks_world,P01C08,DynamicProgramming,tfd/downward,CoalitionAssistance,-1,-1,3605,0.0,1
blocks_world,P01C09,DynamicProgramming,tfd/downward,CoalitionAssistance,-1,-1,457,0.8740234375,1
blocks_world,P01C10,DynamicProgramming,tfd/downward,CoalitionAssistance,-1,-1,269,0.50390625,1
blocks_world,P02C01,DynamicProgramming,tfd/downward,CoalitionAssistance,33.510,54,15,0.1884765625,0
blocks_world,P02C02,DynamicProgramming,tfd/downward,CoalitionAssistance,39.661,73,913,16.1337890625,0
blocks_world,P02C03,DynamicProgramming,tfd/downward,CoalitionAssistance,37.491,54,13,0.1337890625,0
blocks_world,P02C04,DynamicProgramming,tfd/downward,CoalitionAssistance,54.681,71,418,8.1357421875,0
blocks_world,P02C05,DynamicProgramming,tfd/downward,CoalitionAssistance,-1,-1,3604,0.0,1
blocks_world,P02C06,DynamicProgramming,tfd/downward,CoalitionAssistance,46.621,74,550,11.013671875,0
blocks_world,P02C07,DynamicProgramming,tfd/downward,CoalitionAssistance,35.510,57,581,13.2880859375,0
blocks_world,P02C08,DynamicProgramming,tfd/downward,CoalitionAssistance,39.521,58,250,5.0048828125,0
blocks_world,P02C09,DynamicProgramming,tfd/downward,CoalitionAssistance,40.561,65,456,8.337890625,0
blocks_world,P02C10,DynamicProgramming,tfd/downward,CoalitionAssistance,32.470,50,28,0.1962890625,0
blocks_world,P03C01,DynamicProgramming,tfd/downward,CoalitionAssistance,-1,-1,3641,0.228515625,1
blocks_world,P03C02,DynamicProgramming,tfd/downward,CoalitionAssistance,-1,-1,3690,0.2822265625,1
blocks_world,P03C03,DynamicProgramming,tfd/downward,CoalitionAssistance,-1,-1,3625,0.166015625,1
blocks_world,P03C04,DynamicProgramming,tfd/downward,CoalitionAssistance,-1,-1,3652,0.28125,1
blocks_world,P03C05,DynamicProgramming,tfd/downward,CoalitionAssistance,-1,-1,3621,0.16796875,1
blocks_world,P03C06,DynamicProgramming,tfd/downward,CoalitionAssistance,-1,-1,3605,0.0,1
blocks_world,P03C07,DynamicProgramming,tfd/downward,CoalitionAssistance,-1,-1,30,0.203125,1
blocks_world,P03C08,DynamicProgramming,tfd/downward,CoalitionAssistance,-1,-1,115,0.439453125,1
blocks_world,P03C09,DynamicProgramming,tfd/downward,CoalitionAssistance,58.712,80,164,0.466796875,0
blocks_world,P03C10,DynamicProgramming,tfd/downward,CoalitionAssistance,-1,-1,3606,0.0,1
blocks_world,P04C01,DynamicProgramming,tfd/downward,CoalitionAssistance,-1,-1,3606,0.0,1
blocks_world,P04C02,DynamicProgramming,tfd/downward,CoalitionAssistance,-1,-1,3855,0.3671875,1
blocks_world,P04C03,DynamicProgramming,tfd/downward,CoalitionAssistance,-1,-1,3624,0.1181640625,1
blocks_world,P04C04,DynamicProgramming,tfd/downward,CoalitionAssistance,-1,-1,3608,0.041015625,1
blocks_world,P04C05,DynamicProgramming,tfd/downward,CoalitionAssistance,-1,-1,3604,0.0,1
blocks_world,P04C06,DynamicProgramming,tfd/downward,CoalitionAssistance,-1,-1,3909,0.4326171875,1
blocks_world,P04C07,DynamicProgramming,tfd/downward,CoalitionAssistance,-1,-1,3607,0.0,1
blocks_world,P04C08,DynamicProgramming,tfd/downward,CoalitionAssistance,-1,-1,3625,0.0888671875,1
blocks_world,P04C09,DynamicProgramming,tfd/downward,CoalitionAssistance,-1,-1,3714,1.1572265625,1
blocks_world,P04C10,DynamicProgramming,tfd/downward,CoalitionAssistance,-1,-1,3612,0.0,1
blocks_world,P05C01,DynamicProgramming,tfd/downward,CoalitionAssistance,-1,-1,3603,0.0,1
blocks_world,P05C02,DynamicProgramming,tfd/downward,CoalitionAssistance,48.681,98,120,2.6611328125,0
blocks_world,P05C03,DynamicProgramming,tfd/downward,CoalitionAssistance,50.830,92,131,1.9326171875,0
blocks_world,P05C04,DynamicProgramming,tfd/downward,CoalitionAssistance,60.741,77,345,6.857421875,0
blocks_world,P05C05,DynamicProgramming,tfd/downward,CoalitionAssistance,46.680,75,3188,66.9091796875,0
blocks_world,P05C06,DynamicProgramming,tfd/downward,CoalitionAssistance,61.951,103,262,4.0634765625,0
blocks_world,P05C07,DynamicProgramming,tfd/downward,CoalitionAssistance,-1,-1,3603,0.0,1
blocks_world,P05C08,DynamicProgramming,tfd/downward,CoalitionAssistance,50.890,101,267,5.052734375,0
blocks_world,P05C09,DynamicProgramming,tfd/downward,CoalitionAssistance,49.771,87,365,7.037109375,0
blocks_world,P05C10,DynamicProgramming,tfd/downward,CoalitionAssistance,-1,-1,3603,0.0,1
blocks_world,P06C01,DynamicProgramming,tfd/downward,CoalitionAssistance,-1,-1,38,0.3759765625,1
blocks_world,P06C02,DynamicProgramming,tfd/downward,CoalitionAssistance,-1,-1,7,0.046875,1
blocks_world,P06C03,DynamicProgramming,tfd/downward,CoalitionAssistance,48.681,74,41,0.3310546875,0
blocks_world,P06C04,DynamicProgramming,tfd/downward,CoalitionAssistance,36.621,68,10,0.09375,0
blocks_world,P06C05,DynamicProgramming,tfd/downward,CoalitionAssistance,51.702,77,11,0.15234375,0
blocks_world,P06C06,DynamicProgramming,tfd/downward,CoalitionAssistance,-1,-1,5,0.048828125,1
blocks_world,P06C07,DynamicProgramming,tfd/downward,CoalitionAssistance,-1,-1,9,0.080078125,1
blocks_world,P06C08,DynamicProgramming,tfd/downward,CoalitionAssistance,-1,-1,10,0.0830078125,1
blocks_world,P06C09,DynamicProgramming,tfd/downward,CoalitionAssistance,-1,-1,10,0.08984375,1
blocks_world,P06C10,DynamicProgramming,tfd/downward,CoalitionAssistance,-1,-1,11,0.091796875,1
blocks_world,P07C01,DynamicProgramming,tfd/downward,CoalitionAssistance,-1,-1,29,0.2861328125,1
blocks_world,P07C02,DynamicProgramming,tfd/downward,CoalitionAssistance,48.561,61,118,0.60546875,0
blocks_world,P07C03,DynamicProgramming,tfd/downward,CoalitionAssistance,-1,-1,398,4.509765625,1
blocks_world,P07C04,DynamicProgramming,tfd/downward,CoalitionAssistance,-1,-1,3605,0.0,1
blocks_world,P07C05,DynamicProgramming,tfd/downward,CoalitionAssistance,52.750,83,40,0.4306640625,0
blocks_world,P07C06,DynamicProgramming,tfd/downward,CoalitionAssistance,-1,-1,54,0.220703125,1
blocks_world,P07C07,DynamicProgramming,tfd/downward,CoalitionAssistance,-1,-1,3629,0.154296875,1
blocks_world,P07C08,DynamicProgramming,tfd/downward,CoalitionAssistance,-1,-1,3605,0.0,1
blocks_world,P07C09,DynamicProgramming,tfd/downward,CoalitionAssistance,-1,-1,48,0.1728515625,1
blocks_world,P07C10,DynamicProgramming,tfd/downward,CoalitionAssistance,-1,-1,89,0.251953125,1
blocks_world,P08C01,DynamicProgramming,tfd/downward,CoalitionAssistance,-1,-1,3605,0.0,1
blocks_world,P08C02,DynamicProgramming,tfd/downward,CoalitionAssistance,-1,-1,3608,0.0,1
blocks_world,P08C03,DynamicProgramming,tfd/downward,CoalitionAssistance,-1,-1,3605,0.0,1
blocks_world,P08C04,DynamicProgramming,tfd/downward,CoalitionAssistance,-1,-1,3605,0.0,1
blocks_world,P08C05,DynamicProgramming,tfd/downward,CoalitionAssistance,-1,-1,3604,0.0,1
blocks_world,P08C06,DynamicProgramming,tfd/downward,CoalitionAssistance,-1,-1,3609,0.0,1
blocks_world,P08C07,DynamicProgramming,tfd/downward,CoalitionAssistance,-1,-1,3607,0.0,1
blocks_world,P08C08,DynamicProgramming,tfd/downward,CoalitionAssistance,-1,-1,3607,0.0,1
blocks_world,P08C09,DynamicProgramming,tfd/downward,CoalitionAssistance,-1,-1,437,0.87890625,1
blocks_world,P08C10,DynamicProgramming,tfd/downward,CoalitionAssistance,-1,-1,3869,0.3798828125,1
blocks_world,P09C01,DynamicProgramming,tfd/downward,CoalitionAssistance,-1,-1,8,0.08984375,97
blocks_world,P09C02,DynamicProgramming,tfd/downward,CoalitionAssistance,75.891,108,654,7.4287109375,0
blocks_world,P09C03,DynamicProgramming,tfd/downward,CoalitionAssistance,-1,-1,3,0.025390625,1
blocks_world,P09C04,DynamicProgramming,tfd/downward,CoalitionAssistance,-1,-1,3,0.025390625,1
blocks_world,P09C05,DynamicProgramming,tfd/downward,CoalitionAssistance,54.730,78,11,0.12109375,0
blocks_world,P09C06,DynamicProgramming,tfd/downward,CoalitionAssistance,-1,-1,15,0.1064453125,1
blocks_world,P09C07,DynamicProgramming,tfd/downward,CoalitionAssistance,49.471,58,44,0.568359375,0
blocks_world,P09C08,DynamicProgramming,tfd/downward,CoalitionAssistance,-1,-1,4,0.029296875,1
blocks_world,P09C09,DynamicProgramming,tfd/downward,CoalitionAssistance,-1,-1,18,0.1083984375,1
blocks_world,P09C10,DynamicProgramming,tfd/downward,CoalitionAssistance,48.612,68,10,0.1044921875,0
blocks_world,P10C01,DynamicProgramming,tfd/downward,CoalitionAssistance,31.440,48,5,0.0703125,0
blocks_world,P10C02,DynamicProgramming,tfd/downward,CoalitionAssistance,-1,-1,5,0.0390625,1
blocks_world,P10C03,DynamicProgramming,tfd/downward,CoalitionAssistance,-1,-1,3610,0.09765625,1
blocks_world,P10C04,DynamicProgramming,tfd/downward,CoalitionAssistance,-1,-1,3604,0.0234375,1
blocks_world,P10C05,DynamicProgramming,tfd/downward,CoalitionAssistance,42.561,61,4,0.0556640625,0
blocks_world,P10C06,DynamicProgramming,tfd/downward,CoalitionAssistance,32.470,55,8,0.091796875,0
blocks_world,P10C07,DynamicProgramming,tfd/downward,CoalitionAssistance,-1,-1,26,0.1728515625,1
blocks_world,P10C08,DynamicProgramming,tfd/downward,CoalitionAssistance,-1,-1,3606,0.037109375,1
blocks_world,P10C09,DynamicProgramming,tfd/downward,CoalitionAssistance,24.331,47,8,0.1220703125,0
blocks_world,P10C10,DynamicProgramming,tfd/downward,CoalitionAssistance,-1,-1,7,0.05078125,1
blocks_world,P01C01,DynamicProgramming,tfd/downward,CoalitionSimilarity,-1,-1,3603,0.0,1
blocks_world,P01C02,DynamicProgramming,tfd/downward,CoalitionSimilarity,-1,-1,3605,0.0,1
blocks_world,P01C03,DynamicProgramming,tfd/downward,CoalitionSimilarity,-1,-1,3604,0.0,1
blocks_world,P01C04,DynamicProgramming,tfd/downward,CoalitionSimilarity,65.820,92,570,6.6181640625,0
blocks_world,P01C05,DynamicProgramming,tfd/downward,CoalitionSimilarity,-1,-1,3603,0.0,1
blocks_world,P01C06,DynamicProgramming,tfd/downward,CoalitionSimilarity,62.872,115,2526,30.92578125,0
blocks_world,P01C07,DynamicProgramming,tfd/downward,CoalitionSimilarity,-1,-1,1351,7.9873046875,1
blocks_world,P01C08,DynamicProgramming,tfd/downward,CoalitionSimilarity,-1,-1,3605,0.0,1
blocks_world,P01C09,DynamicProgramming,tfd/downward,CoalitionSimilarity,-1,-1,3607,0.0,1
blocks_world,P01C10,DynamicProgramming,tfd/downward,CoalitionSimilarity,-1,-1,262,0.5029296875,1
blocks_world,P02C01,DynamicProgramming,tfd/downward,CoalitionSimilarity,-1,-1,3603,0.0,1
blocks_world,P02C02,DynamicProgramming,tfd/downward,CoalitionSimilarity,-1,-1,3603,0.0,1
blocks_world,P02C03,DynamicProgramming,tfd/downward,CoalitionSimilarity,31.320,35,11,0.1435546875,0
blocks_world,P02C04,DynamicProgramming,tfd/downward,CoalitionSimilarity,51.670,69,559,10.8427734375,0
blocks_world,P02C05,DynamicProgramming,tfd/downward,CoalitionSimilarity,45.621,68,1009,27.7421875,0
blocks_world,P02C06,DynamicProgramming,tfd/downward,CoalitionSimilarity,-1,-1,1175,13.3935546875,1
blocks_world,P02C07,DynamicProgramming,tfd/downward,CoalitionSimilarity,-1,-1,3603,0.0,1
blocks_world,P02C08,DynamicProgramming,tfd/downward,CoalitionSimilarity,-1,-1,31,0.2158203125,1
blocks_world,P02C09,DynamicProgramming,tfd/downward,CoalitionSimilarity,-1,-1,24,0.1328125,1
blocks_world,P01C01,DynamicProgramming,colin2,CFP,52.065,84,377,24.455078125,0
blocks_world,P01C02,DynamicProgramming,colin2,CFP,-1,-1,2680,0.0,97
blocks_world,P01C03,DynamicProgramming,colin2,CFP,70.075,87,1713,57.333984375,0
blocks_world,P01C04,DynamicProgramming,colin2,CFP,62.058,75,6,0.1650390625,0
blocks_world,P01C05,DynamicProgramming,colin2,CFP,84.077,86,33,1.55078125,0
blocks_world,P01C06,DynamicProgramming,colin2,CFP,55.054,82,61,2.5703125,0
blocks_world,P01C07,DynamicProgramming,colin2,CFP,80.069,81,113,2.7490234375,0
blocks_world,P01C08,DynamicProgramming,colin2,CFP,65.066,83,328,6.9912109375,0
blocks_world,P01C09,DynamicProgramming,colin2,CFP,-1,-1,4,0.083984375,1
blocks_world,P01C10,DynamicProgramming,colin2,CFP,-1,-1,3603,0.0,97
blocks_world,P02C01,DynamicProgramming,colin2,CFP,40.053,66,40,1.6904296875,0
blocks_world,P02C02,DynamicProgramming,colin2,CFP,40.039,43,11,0.3095703125,0
blocks_world,P02C03,DynamicProgramming,colin2,CFP,35.041,49,77,4.37109375,0
blocks_world,P02C04,DynamicProgramming,colin2,CFP,55.058,63,3,0.095703125,0
blocks_world,P02C05,DynamicProgramming,colin2,CFP,58.061,74,627,41.693359375,0
blocks_world,P02C06,DynamicProgramming,colin2,CFP,42.044,64,3,0.095703125,0
blocks_world,P02C07,DynamicProgramming,colin2,CFP,-1,-1,3622,1.3349609375,97
blocks_world,P02C08,DynamicProgramming,colin2,CFP,42.046,56,1128,38.701171875,0
blocks_world,P02C09,DynamicProgramming,colin2,CFP,-1,-1,3604,0.0419921875,97
blocks_world,P02C10,DynamicProgramming,colin2,CFP,-1,-1,1520,60.3056640625,1
blocks_world,P03C01,DynamicProgramming,colin2,CFP,63.064,71,19,0.4423828125,0
blocks_world,P03C02,DynamicProgramming,colin2,CFP,77.075,91,470,4.828125,0
blocks_world,P03C03,DynamicProgramming,colin2,CFP,75.077,83,438,9.0419921875,0
blocks_world,P03C04,DynamicProgramming,colin2,CFP,-1,-1,180,4.125,1
blocks_world,P03C05,DynamicProgramming,colin2,CFP,92.087,98,265,7.435546875,0
blocks_world,P03C06,DynamicProgramming,colin2,CFP,-1,-1,2,0.0751953125,1
blocks_world,P03C07,DynamicProgramming,colin2,CFP,-1,-1,6,0.298828125,1
blocks_world,P03C08,DynamicProgramming,colin2,CFP,100.096,109,52,1.140625,0
blocks_world,P03C09,DynamicProgramming,colin2,CFP,110.101,121,1453,17.8349609375,0
blocks_world,P03C10,DynamicProgramming,colin2,CFP,-1,-1,20,0.333984375,1
blocks_world,P04C01,DynamicProgramming,colin2,CFP,-1,-1,3610,0.181640625,97
blocks_world,P04C02,DynamicProgramming,colin2,CFP,-1,-1,3614,0.1767578125,97
blocks_world,P04C03,DynamicProgramming,colin2,CFP,-1,-1,3615,0.1923828125,97
blocks_world,P04C04,DynamicProgramming,colin2,CFP,99.084,95,42,0.841796875,0
blocks_world,P04C05,DynamicProgramming,colin2,CFP,-1,-1,2087,4.5498046875,97
blocks_world,P04C06,DynamicProgramming,colin2,CFP,-1,-1,2,0.0478515625,1
blocks_world,P04C07,DynamicProgramming,colin2,CFP,-1,-1,76,2.4208984375,1
blocks_world,P04C08,DynamicProgramming,colin2,CFP,-1,-1,4,0.072265625,1
blocks_world,P04C09,DynamicProgramming,colin2,CFP,-1,-1,100,5.55078125,1
blocks_world,P04C10,DynamicProgramming,colin2,CFP,-1,-1,354,3.408203125,1
blocks_world,P05C01,DynamicProgramming,colin2,CFP,36.035,49,9,0.458984375,0
blocks_world,P05C02,DynamicProgramming,colin2,CFP,86.084,102,214,20.1474609375,0
blocks_world,P05C03,DynamicProgramming,colin2,CFP,36.046,59,7,0.25,0
blocks_world,P05C04,DynamicProgramming,colin2,CFP,81.082,90,130,10.966796875,0
blocks_world,P05C05,DynamicProgramming,colin2,CFP,51.048,61,76,5.8017578125,0
blocks_world,P05C06,DynamicProgramming,colin2,CFP,61.066,79,34,2.5126953125,0
blocks_world,P05C07,DynamicProgramming,colin2,CFP,28.032,52,13,0.423828125,0
blocks_world,P05C08,DynamicProgramming,colin2,CFP,-1,-1,18,1.3984375,1
blocks_world,P05C09,DynamicProgramming,colin2,CFP,-1,-1,3438,10.8447265625,97
blocks_world,P05C10,DynamicProgramming,colin2,CFP,-1,-1,85,2.708984375,1
blocks_world,P06C01,DynamicProgramming,colin2,CFP,-1,-1,4,0.1171875,1
blocks_world,P06C02,DynamicProgramming,colin2,CFP,-1,-1,2,0.0322265625,1
blocks_world,P06C03,DynamicProgramming,colin2,CFP,-1,-1,3604,0.0517578125,97
blocks_world,P06C04,DynamicProgramming,colin2,CFP,34.035,54,4,0.119140625,0
blocks_world,P06C05,DynamicProgramming,colin2,CFP,64.062,75,22,0.5654296875,0
blocks_world,P06C06,DynamicProgramming,colin2,CFP,-1,-1,1,0.0625,1
blocks_world,P06C07,DynamicProgramming,colin2,CFP,52.049,72,4,0.1044921875,0
blocks_world,P06C08,DynamicProgramming,colin2,CFP,34.034,52,60,1.189453125,0
blocks_world,P06C09,DynamicProgramming,colin2,CFP,-1,-1,13,0.6328125,1
blocks_world,P06C10,DynamicProgramming,colin2,CFP,-1,-1,87,1.5673828125,1
blocks_world,P07C01,DynamicProgramming,colin2,CFP,66.066,92,72,1.4853515625,0
blocks_world,P07C02,DynamicProgramming,colin2,CFP,-1,-1,7,0.189453125,1
blocks_world,P07C03,DynamicProgramming,colin2,CFP,-1,-1,6,0.1787109375,1
blocks_world,P07C04,DynamicProgramming,colin2,CFP,-1,-1,3882,6.349609375,97
blocks_world,P07C05,DynamicProgramming,colin2,CFP,48.051,69,7,0.3154296875,0
blocks_world,P07C06,DynamicProgramming,colin2,CFP,97.090,108,51,0.57421875,0
blocks_world,P07C07,DynamicProgramming,colin2,CFP,-1,-1,296,6.9228515625,1
blocks_world,P07C08,DynamicProgramming,colin2,CFP,-1,-1,4,0.140625,1
blocks_world,P07C09,DynamicProgramming,colin2,CFP,102.099,119,34,0.9423828125,0
blocks_world,P07C10,DynamicProgramming,colin2,CFP,-1,-1,3602,0.0361328125,97
blocks_world,P08C01,DynamicProgramming,colin2,CFP,-1,-1,1837,0.0,97
blocks_world,P08C02,DynamicProgramming,colin2,CFP,-1,-1,3604,0.0,97
blocks_world,P08C03,DynamicProgramming,colin2,CFP,-1,-1,4,0.119140625,1
blocks_world,P08C04,DynamicProgramming,colin2,CFP,-1,-1,34,0.748046875,1
blocks_world,P08C05,DynamicProgramming,colin2,CFP,105.103,134,923,36.951171875,0
blocks_world,P08C06,DynamicProgramming,colin2,CFP,-1,-1,1,0.0244140625,1
blocks_world,P08C07,DynamicProgramming,colin2,CFP,122.102,121,784,9.9482421875,0
blocks_world,P08C08,DynamicProgramming,colin2,CFP,-1,-1,1,0.0263671875,1
blocks_world,P08C09,DynamicProgramming,colin2,CFP,126.103,126,115,3.49609375,0
blocks_world,P08C10,DynamicProgramming,colin2,CFP,-1,-1,3604,0.0654296875,97
blocks_world,P09C01,DynamicProgramming,colin2,CFP,-1,-1,1,0.0380859375,1
blocks_world,P09C02,DynamicProgramming,colin2,CFP,59.057,78,13,0.296875,0
blocks_world,P09C03,DynamicProgramming,colin2,CFP,-1,-1,1,0.0634765625,1
blocks_world,P09C04,DynamicProgramming,colin2,CFP,42.036,50,304,7.6875,0
blocks_world,P09C05,DynamicProgramming,colin2,CFP,-1,-1,9,0.3759765625,1
blocks_world,P09C06,DynamicProgramming,colin2,CFP,-1,-1,819,8.1728515625,1
blocks_world,P09C07,DynamicProgramming,colin2,CFP,-1,-1,8,0.2705078125,1
blocks_world,P09C08,DynamicProgramming,colin2,CFP,-1,-1,63,1.091796875,1
blocks_world,P09C09,DynamicProgramming,colin2,CFP,-1,-1,2,0.076171875,1
blocks_world,P09C10,DynamicProgramming,colin2,CFP,-1,-1,1492,26.294921875,1
blocks_world,P10C01,DynamicProgramming,colin2,CFP,-1,-1,3510,0.05078125,97
blocks_world,P10C02,DynamicProgramming,colin2,CFP,-1,-1,3770,12.5693359375,97
blocks_world,P10C03,DynamicProgramming,colin2,CFP,-1,-1,2066,0.2880859375,97
blocks_world,P10C04,DynamicProgramming,colin2,CFP,-1,-1,2503,0.041015625,97
blocks_world,P10C05,DynamicProgramming,colin2,CFP,28.030,45,2,0.1279296875,0
blocks_world,P10C06,DynamicProgramming,colin2,CFP,-1,-1,3604,0.048828125,97
blocks_world,P10C07,DynamicProgramming,colin2,CFP,48.041,53,3,0.076171875,0
blocks_world,P10C08,DynamicProgramming,colin2,CFP,-1,-1,3608,0.201171875,97
blocks_world,P10C09,DynamicProgramming,colin2,CFP,45.044,67,487,36.29296875,0
blocks_world,P10C10,DynamicProgramming,colin2,CFP,-1,-1,2,0.0458984375,1
blocks_world,P01C01,DynamicProgramming,colin2,CoalitionAssistance,-1,-1,1846,0.0,97
blocks_world,P01C02,DynamicProgramming,colin2,CoalitionAssistance,39.040,57,394,14.9033203125,0
blocks_world,P01C03,DynamicProgramming,colin2,CoalitionAssistance,-1,-1,2210,0.0,97
blocks_world,P01C04,DynamicProgramming,colin2,CoalitionAssistance,69.071,90,2296,96.353515625,0
blocks_world,P01C05,DynamicProgramming,colin2,CoalitionAssistance,56.056,78,71,2.4267578125,0
blocks_world,P01C06,DynamicProgramming,colin2,CoalitionAssistance,-1,-1,3605,0.0,97
blocks_world,P01C07,DynamicProgramming,colin2,CoalitionAssistance,-1,-1,3603,0.0,97
blocks_world,P01C08,DynamicProgramming,colin2,CoalitionAssistance,-1,-1,1565,46.365234375,1
blocks_world,P01C09,DynamicProgramming,colin2,CoalitionAssistance,-1,-1,2924,0.0,97
blocks_world,P01C10,DynamicProgramming,colin2,CoalitionAssistance,53.049,60,82,1.4609375,0
blocks_world,P02C01,DynamicProgramming,colin2,CoalitionAssistance,37.049,53,416,26.1494140625,0
blocks_world,P02C02,DynamicProgramming,colin2,CoalitionAssistance,40.039,43,5,0.1220703125,0
blocks_world,P02C03,DynamicProgramming,colin2,CoalitionAssistance,34.043,47,48,1.9580078125,0
blocks_world,P02C04,DynamicProgramming,colin2,CoalitionAssistance,54.061,69,5,0.181640625,0
blocks_world,P02C05,DynamicProgramming,colin2,CoalitionAssistance,-1,-1,1839,41.376953125,97
blocks_world,P02C06,DynamicProgramming,colin2,CoalitionAssistance,39.044,61,8,0.291015625,0
blocks_world,P02C07,DynamicProgramming,colin2,CoalitionAssistance,54.059,72,686,16.90625,0
blocks_world,P02C08,DynamicProgramming,colin2,CoalitionAssistance,49.064,73,1020,32.841796875,0
blocks_world,P02C09,DynamicProgramming,colin2,CoalitionAssistance,59.069,78,986,21.9716796875,0
blocks_world,P02C10,DynamicProgramming,colin2,CoalitionAssistance,30.040,47,1548,60.7783203125,0
blocks_world,P03C01,DynamicProgramming,colin2,CoalitionAssistance,-1,-1,3705,4.5615234375,97
blocks_world,P03C02,DynamicProgramming,colin2,CoalitionAssistance,-1,-1,3709,2.6162109375,97
blocks_world,P03C03,DynamicProgramming,colin2,CoalitionAssistance,-1,-1,1721,0.0,97
blocks_world,P03C04,DynamicProgramming,colin2,CoalitionAssistance,-1,-1,644,18.8203125,1
blocks_world,P03C05,DynamicProgramming,colin2,CoalitionAssistance,74.085,105,66,2.0107421875,0
blocks_world,P03C06,DynamicProgramming,colin2,CoalitionAssistance,-1,-1,2860,0.0,97
blocks_world,P03C07,DynamicProgramming,colin2,CoalitionAssistance,-1,-1,1527,0.0,97
blocks_world,P03C08,DynamicProgramming,colin2,CoalitionAssistance,79.084,99,631,13.33984375,0
blocks_world,P03C09,DynamicProgramming,colin2,CoalitionAssistance,106.102,120,1324,43.7041015625,0
blocks_world,P03C10,DynamicProgramming,colin2,CoalitionAssistance,-1,-1,3604,0.0,97
blocks_world,P04C01,DynamicProgramming,colin2,CoalitionAssistance,-1,-1,3535,0.0,97
blocks_world,P04C02,DynamicProgramming,colin2,CoalitionAssistance,-1,-1,3621,0.1767578125,97
blocks_world,P04C03,DynamicProgramming,colin2,CoalitionAssistance,120.106,121,862,15.1103515625,0
blocks_world,P04C04,DynamicProgramming,colin2,CoalitionAssistance,-1,-1,3611,0.203125,97
blocks_world,P04C05,DynamicProgramming,colin2,CoalitionAssistance,-1,-1,1163,0.0,97
blocks_world,P04C06,DynamicProgramming,colin2,CoalitionAssistance,-1,-1,58,0.4951171875,1
blocks_world,P04C07,DynamicProgramming,colin2,CoalitionAssistance,110.089,106,874,14.8974609375,0
blocks_world,P04C08,DynamicProgramming,colin2,CoalitionAssistance,-1,-1,3613,0.189453125,97
blocks_world,P04C09,DynamicProgramming,colin2,CoalitionAssistance,-1,-1,1576,14.7705078125,1
blocks_world,P04C10,DynamicProgramming,colin2,CoalitionAssistance,-1,-1,6578,32.5107421875,97
blocks_world,P05C01,DynamicProgramming,colin2,CoalitionAssistance,42.042,53,10,0.458984375,0
blocks_world,P05C02,DynamicProgramming,colin2,CoalitionAssistance,80.086,99,3453,101.948242188,0
blocks_world,P05C03,DynamicProgramming,colin2,CoalitionAssistance,42.048,65,27,1.5380859375,0
blocks_world,P05C04,DynamicProgramming,colin2,CoalitionAssistance,89.096,106,1838,90.2724609375,0
blocks_world,P05C05,DynamicProgramming,colin2,CoalitionAssistance,48.050,61,73,5.80078125,0
blocks_world,P05C06,DynamicProgramming,colin2,CoalitionAssistance,61.068,80,95,5.4345703125,0
blocks_world,P05C07,DynamicProgramming,colin2,CoalitionAssistance,-1,-1,3616,0.384765625,97
blocks_world,P05C08,DynamicProgramming,colin2,CoalitionAssistance,66.070,87,40,1.998046875,0
blocks_world,P05C09,DynamicProgramming,colin2,CoalitionAssistance,-1,-1,3720,10.8447265625,97
blocks_world,P05C10,DynamicProgramming,colin2,CoalitionAssistance,36.044,52,87,2.7978515625,0
blocks_world,P06C01,DynamicProgramming,colin2,CoalitionAssistance,-1,-1,16,0.5517578125,1
blocks_world,P06C02,DynamicProgramming,colin2,CoalitionAssistance,-1,-1,8,0.1220703125,1
blocks_world,P06C03,DynamicProgramming,colin2,CoalitionAssistance,62.068,87,155,6.0390625,0
blocks_world,P06C04,DynamicProgramming,colin2,CoalitionAssistance,-1,-1,27,0.94921875,1
blocks_world,P06C05,DynamicProgramming,colin2,CoalitionAssistance,-1,-1,2651,0.111328125,97
blocks_world,P06C06,DynamicProgramming,colin2,CoalitionAssistance,-1,-1,3,0.04296875,1
blocks_world,P06C07,DynamicProgramming,colin2,CoalitionAssistance,-1,-1,407,10.6337890625,1
blocks_world,P06C08,DynamicProgramming,colin2,CoalitionAssistance,-1,-1,1724,79.2001953125,1
blocks_world,P06C09,DynamicProgramming,colin2,CoalitionAssistance,-1,-1,826,17.015625,1
blocks_world,P06C10,DynamicProgramming,colin2,CoalitionAssistance,-1,-1,39,0.4990234375,1
blocks_world,P07C01,DynamicProgramming,colin2,CoalitionAssistance,57.072,78,51,2.1220703125,0
blocks_world,P07C02,DynamicProgramming,colin2,CoalitionAssistance,-1,-1,1889,93.9853515625,1
blocks_world,P07C03,DynamicProgramming,colin2,CoalitionAssistance,-1,-1,3510,0.2763671875,97
blocks_world,P07C04,DynamicProgramming,colin2,CoalitionAssistance,-1,-1,132,3.30078125,1
blocks_world,P07C05,DynamicProgramming,colin2,CoalitionAssistance,55.066,71,31,0.6591796875,0
blocks_world,P07C06,DynamicProgramming,colin2,CoalitionAssistance,-1,-1,1203,38.146484375,1
blocks_world,P07C07,DynamicProgramming,colin2,CoalitionAssistance,-1,-1,189,4.96875,1
blocks_world,P07C08,DynamicProgramming,colin2,CoalitionAssistance,-1,-1,60,0.994140625,1
blocks_world,P07C09,DynamicProgramming,colin2,CoalitionAssistance,-1,-1,75,1.5869140625,1
blocks_world,P07C10,DynamicProgramming,colin2,CoalitionAssistance,49.061,88,919,22.1962890625,0
blocks_world,P08C01,DynamicProgramming,colin2,CoalitionAssistance,-1,-1,2395,0.0,97
blocks_world,P08C02,DynamicProgramming,colin2,CoalitionAssistance,-1,-1,3606,0.0,97
blocks_world,P08C03,DynamicProgramming,colin2,CoalitionAssistance,-1,-1,3216,0.0,97
blocks_world,P08C04,DynamicProgramming,colin2,CoalitionAssistance,-1,-1,2550,0.0,97
blocks_world,P08C05,DynamicProgramming,colin2,CoalitionAssistance,107.100,128,682,32.57421875,0
blocks_world,P08C06,DynamicProgramming,colin2,CoalitionAssistance,-1,-1,3605,0.0,97
blocks_world,P08C07,DynamicProgramming,colin2,CoalitionAssistance,-1,-1,3604,0.0,97
blocks_world,P08C08,DynamicProgramming,colin2,CoalitionAssistance,-1,-1,3605,0.0,97
blocks_world,P08C09,DynamicProgramming,colin2,CoalitionAssistance,-1,-1,4634,23.62890625,97
blocks_world,P08C10,DynamicProgramming,colin2,CoalitionAssistance,-1,-1,3606,0.0,97
blocks_world,P09C01,DynamicProgramming,colin2,CoalitionAssistance,-1,-1,317,11.509765625,1
blocks_world,P09C02,DynamicProgramming,colin2,CoalitionAssistance,-1,-1,7,0.123046875,1
blocks_world,P09C03,DynamicProgramming,colin2,CoalitionAssistance,54.048,52,2271,76.37890625,0
blocks_world,P09C04,DynamicProgramming,colin2,CoalitionAssistance,-1,-1,2,0.0224609375,1
blocks_world,P09C05,DynamicProgramming,colin2,CoalitionAssistance,45.039,49,31,0.6630859375,0
blocks_world,P09C06,DynamicProgramming,colin2,CoalitionAssistance,-1,-1,122,1.537109375,1
blocks_world,P09C07,DynamicProgramming,colin2,CoalitionAssistance,-1,-1,111,1.1162109375,1
blocks_world,P09C08,DynamicProgramming,colin2,CoalitionAssistance,46.043,48,169,5.3173828125,0
blocks_world,P09C09,DynamicProgramming,colin2,CoalitionAssistance,-1,-1,104,1.4423828125,1
blocks_world,P09C10,DynamicProgramming,colin2,CoalitionAssistance,-1,-1,3607,0.0458984375,97
blocks_world,P10C01,DynamicProgramming,colin2,CoalitionAssistance,37.042,60,52,1.5263671875,0
blocks_world,P10C02,DynamicProgramming,colin2,CoalitionAssistance,37.040,49,170,8.009765625,0
blocks_world,P10C03,DynamicProgramming,colin2,CoalitionAssistance,-1,-1,2384,0.2666015625,97
blocks_world,P10C04,DynamicProgramming,colin2,CoalitionAssistance,-1,-1,2537,0.4658203125,97
blocks_world,P10C05,DynamicProgramming,colin2,CoalitionAssistance,35.040,55,11,0.7392578125,0
blocks_world,P10C06,DynamicProgramming,colin2,CoalitionAssistance,24.024,29,3,0.0673828125,0
blocks_world,P10C07,DynamicProgramming,colin2,CoalitionAssistance,-1,-1,3004,0.0,97
blocks_world,P10C08,DynamicProgramming,colin2,CoalitionAssistance,-1,-1,3628,0.7939453125,97
blocks_world,P10C09,DynamicProgramming,colin2,CoalitionAssistance,25.028,45,3,0.0869140625,0
blocks_world,P10C10,DynamicProgramming,colin2,CoalitionAssistance,-1,-1,507,11.7275390625,1
blocks_world,P01C01,DynamicProgramming,colin2,CoalitionSimilarity,-1,-1,1718,0.0,97
blocks_world,P01C02,DynamicProgramming,colin2,CoalitionSimilarity,-1,-1,3456,0.0,97
blocks_world,P01C03,DynamicProgramming,colin2,CoalitionSimilarity,-1,-1,2101,0.0,97
blocks_world,P01C04,DynamicProgramming,colin2,CoalitionSimilarity,67.068,82,8,0.197265625,0
blocks_world,P01C05,DynamicProgramming,colin2,CoalitionSimilarity,68.070,78,102,6.6162109375,0
blocks_world,P01C06,DynamicProgramming,colin2,CoalitionSimilarity,41.036,72,23,1.0380859375,0
blocks_world,P01C07,DynamicProgramming,colin2,CoalitionSimilarity,-1,-1,17,0.640625,1
blocks_world,P01C08,DynamicProgramming,colin2,CoalitionSimilarity,-1,-1,3604,0.0,97
blocks_world,P01C09,DynamicProgramming,colin2,CoalitionSimilarity,75.080,92,1690,61.0791015625,0
blocks_world,P01C10,DynamicProgramming,colin2,CoalitionSimilarity,53.049,60,81,1.462890625,0
blocks_world,P02C01,DynamicProgramming,colin2,CoalitionSimilarity,-1,-1,1923,0.0,97
blocks_world,P02C02,DynamicProgramming,colin2,CoalitionSimilarity,-1,-1,3605,0.0,97
blocks_world,P02C03,DynamicProgramming,colin2,CoalitionSimilarity,-1,-1,2299,0.0,97
blocks_world,P02C04,DynamicProgramming,colin2,CoalitionSimilarity,47.053,60,29,1.7216796875,0
blocks_world,P02C05,DynamicProgramming,colin2,CoalitionSimilarity,-1,-1,1225,0.0,97
blocks_world,P02C06,DynamicProgramming,colin2,CoalitionSimilarity,-1,-1,2924,0.0,97
blocks_world,P02C07,DynamicProgramming,colin2,CoalitionSimilarity,-1,-1,2469,0.0,97
blocks_world,P02C08,DynamicProgramming,colin2,CoalitionSimilarity,-1,-1,2618,0.0,97
blocks_world,P02C09,DynamicProgramming,colin2,CoalitionSimilarity,-1,-1,3604,0.0,97
blocks_world,P02C10,DynamicProgramming,colin2,CoalitionSimilarity,-1,-1,3604,0.0,97
blocks_world,P03C01,DynamicProgramming,colin2,CoalitionSimilarity,71.071,90,84,3.685546875,0
blocks_world,P03C02,DynamicProgramming,colin2,CoalitionSimilarity,-1,-1,4570,17.84375,97
blocks_world,P03C03,DynamicProgramming,colin2,CoalitionSimilarity,89.087,102,1037,24.9052734375,0
blocks_world,P03C04,DynamicProgramming,colin2,CoalitionSimilarity,70.070,78,1091,36.271484375,0
blocks_world,P03C05,DynamicProgramming,colin2,CoalitionSimilarity,-1,-1,1994,0.0,97
blocks_world,P03C06,DynamicProgramming,colin2,CoalitionSimilarity,-1,-1,3612,0.3447265625,97
blocks_world,P03C07,DynamicProgramming,colin2,CoalitionSimilarity,-1,-1,711,18.236328125,1
blocks_world,P03C08,DynamicProgramming,colin2,CoalitionSimilarity,-1,-1,3606,0.0,97
blocks_world,P03C09,DynamicProgramming,colin2,CoalitionSimilarity,68.068,82,13,0.28515625,0
blocks_world,P03C10,DynamicProgramming,colin2,CoalitionSimilarity,-1,-1,3614,0.5966796875,97
blocks_world,P04C01,DynamicProgramming,colin2,CoalitionSimilarity,-1,-1,3460,0.0,97
blocks_world,P04C02,DynamicProgramming,colin2,CoalitionSimilarity,-1,-1,3607,0.0,97
blocks_world,P04C03,DynamicProgramming,colin2,CoalitionSimilarity,-1,-1,4554,67.455078125,97
blocks_world,P04C04,DynamicProgramming,colin2,CoalitionSimilarity,-1,-1,3607,0.1064453125,97
blocks_world,P04C05,DynamicProgramming,colin2,CoalitionSimilarity,-1,-1,1168,0.0,97
blocks_world,P04C06,DynamicProgramming,colin2,CoalitionSimilarity,-1,-1,8,0.0478515625,1
blocks_world,P04C07,DynamicProgramming,colin2,CoalitionSimilarity,68.054,69,90,2.4658203125,0
blocks_world,P04C08,DynamicProgramming,colin2,CoalitionSimilarity,-1,-1,6,0.072265625,1
blocks_world,P04C09,DynamicProgramming,colin2,CoalitionSimilarity,62.051,54,22,0.3173828125,0
blocks_world,P04C10,DynamicProgramming,colin2,CoalitionSimilarity,-1,-1,564,5.9970703125,1
blocks_world,P05C01,DynamicProgramming,colin2,CoalitionSimilarity,39.046,59,418,25.759765625,0
blocks_world,P05C02,DynamicProgramming,colin2,CoalitionSimilarity,-1,-1,1474,0.0,97
blocks_world,P05C03,DynamicProgramming,colin2,CoalitionSimilarity,-1,-1,63,2.865234375,1
blocks_world,P05C04,DynamicProgramming,colin2,CoalitionSimilarity,60.062,66,84,6.203125,0
blocks_world,P05C05,DynamicProgramming,colin2,CoalitionSimilarity,45.056,70,216,15.1806640625,0
blocks_world,P05C06,DynamicProgramming,colin2,CoalitionSimilarity,-1,-1,102,3.6708984375,1
blocks_world,P05C07,DynamicProgramming,colin2,CoalitionSimilarity,-1,-1,3154,0.0,97
blocks_world,P05C08,DynamicProgramming,colin2,CoalitionSimilarity,58.065,79,18,0.98046875,0
blocks_world,P05C09,DynamicProgramming,colin2,CoalitionSimilarity,-1,-1,2699,0.0,97
blocks_world,P05C10,DynamicProgramming,colin2,CoalitionSimilarity,-1,-1,2867,0.0,97
blocks_world,P06C01,DynamicProgramming,colin2,CoalitionSimilarity,-1,-1,56,2.1142578125,1
blocks_world,P06C02,DynamicProgramming,colin2,CoalitionSimilarity,-1,-1,8,0.1455078125,1
blocks_world,P06C03,DynamicProgramming,colin2,CoalitionSimilarity,38.046,55,12,0.30078125,0
blocks_world,P06C04,DynamicProgramming,colin2,CoalitionSimilarity,-1,-1,129,7.4736328125,1
blocks_world,P06C05,DynamicProgramming,colin2,CoalitionSimilarity,96.102,110,72,3.3916015625,0
blocks_world,P06C06,DynamicProgramming,colin2,CoalitionSimilarity,57.052,60,8,0.1787109375,0
blocks_world,P06C07,DynamicProgramming,colin2,CoalitionSimilarity,-1,-1,12,0.4833984375,1
blocks_world,P06C08,DynamicProgramming,colin2,CoalitionSimilarity,-1,-1,5,0.0703125,1
blocks_world,P06C09,DynamicProgramming,colin2,CoalitionSimilarity,-1,-1,4,0.1611328125,1
blocks_world,P06C10,DynamicProgramming,colin2,CoalitionSimilarity,-1,-1,863,12.9873046875,1
